Niklas Backstrom,backsni01,G,4,413,0,0,196,73.4
Yves Belanger,belanyv01,G,22,78,0,0,29,8.9
Tim Bernhardt,bernhti01,G,6,67,0,0,17,9.4
Reto Berra,berrare01,G,29,76,0,0,20,8.9
Brian Boucher,bouchbr01,G,3,328,0,0,120,43.0
Fred Brathwaite,brathfr01,G,138,254,0,0,81,35.1
Jim Craig,craigji01,G,4,30,0,0,11,4.2
Marc D'Amour,damouma01,G,15,16,0,0,2,2.3
Doug Dadswell,dadswdo01,G,27,27,0,0,8,2.6
Don Edwards,edwardo01,G,114,459,0,0,208,85.0
Brian Elliott,elliobr01,G,49,441,0,0,225,68.3
Grant Fuhr,fuhrgr01,G,23,868,0,0,403,128.6
Tyrone Garner,garnety01,G,3,3,0,0,0,-0.1
Jean-Sebastien Giguere,gigueje01,G,22,597,0,0,262,107.6
Jon Gillies,gillijo01,G,12,12,0,0,4,1.4
Steve Guenette,guenest01,G,3,35,0,0,19,5.6
Jonas Hiller,hillejo01,G,78,404,0,0,197,70.1
Leland Irving,irvinle01,G,13,13,0,0,3,1.8
Chad Johnson,johnsch02,G,36,192,0,0,80,26.4
Curtis Joseph,josepcu01,G,9,943,0,0,454,167.2
Henrik Karlsson,karlshe01,G,26,26,0,0,5,3.2
Matt Keetley,keetlma01,G,1,1,0,0,0,0.0
Trevor Kidd,kiddtr01,G,178,387,0,0,140,56.2
Eddie Lack,lacked01,G,4,144,0,0,56,20.5
Joey MacDonald,macdojo01,G,32,133,0,0,44,19.2
Curtis McElhinney,mcelhcu01,G,29,219,0,0,82,31.6
Jamie McLennan,mclenja01,G,57,254,0,0,80,31.5
Tyler Moss,mossty01,G,17,30,0,0,6,3.3
Jason Muzzatti,muzzaja01,G,2,62,0,0,13,7.3
Joni Ortio,ortiojo01,G,37,37,0,0,15,4.0
Karri Ramo,ramoka01,G,111,159,0,0,60,22.9
Jeff Reese,reeseje01,G,39,174,0,0,53,19.9
Pat Riggin,riggipa01,G,119,350,0,0,153,51.3
David Rittich,rittida01,G,67,67,0,0,35,9.5
Dwayne Roloson,rolosdw01,G,70,606,0,0,227,102.0
Dany Sabourin,sabouda01,G,4,57,0,0,18,6.7
Philippe Sauve,sauveph01,G,8,32,0,0,10,3.3
Scott Sharples,sharpsc01,G,1,1,0,0,0,0.3
Mike Smith,smithmi01,G,97,571,0,0,243,99.1
Rick Tabaracci,tabarri01,G,97,286,0,0,93,35.5
Daniel Taylor,tayloda02,G,2,4,0,0,1,0.4
Vesa Toskala,toskave01,G,6,266,0,0,129,38.0
Andrei Trefilov,trefian01,G,22,54,0,0,12,7.6
Roman Turek,turekro01,G,152,328,0,0,159,48.0
Rick Wamsley,wamslri01,G,111,407,0,0,204,65.0
Kay Whitmore,whitmka01,G,1,155,0,0,60,16.4
Ken Wregget,wreggke01,G,27,575,0,0,225,85.7
Rick Adduono,adduori01,C,3,4,0,0,0,-0.2
Kenny Agostino,agostke01,LW,10,85,8,22,30,1.9
Peter Ahola,aholape01,D,2,123,10,17,27,6.0
Akim Aliu,aliuak01,RW,7,7,2,1,3,0.5
Jamie Allison,allisja01,D,101,372,7,23,30,6.3
Tony Amonte,amontto01,RW,161,1174,416,484,900,95.3
Erik Andersson,anderer01,C,12,12,2,1,3,0.1
Niklas Andersson,anderni01,LW,11,164,29,53,82,6.4
Rasmus Andersson,anderra01,D,90,90,2,17,19,3.8
Chuck Arnason,arnasch01,RW,33,401,109,90,199,11.8
Bill Arnold,arnolbi01,C,1,1,0,0,0,-0.1
Brent Ashton,ashtobr01,LW,32,998,284,345,629,39.7
Adrian Aucoin,aucoiad01,D,157,1108,121,278,399,80.9
Anton Babchuk,babchan01,D,104,289,36,71,107,21.1
Sven Baertschi,baertsv01,LW,66,285,66,70,136,14.6
Carter Bancks,banckca01,C,2,2,0,0,0,0.0
Robin Bartel,bartero01,D,1,41,0,1,1,1.3
Matt Bartkowski,bartkma01,D,42,255,8,40,48,9.2
Bob Bassen,bassebo01,C,41,765,88,144,232,6.3
Serge Beaudoin,beaudse01,D,3,3,0,0,0,0.0
Steve Begin,beginst01,C,159,524,56,52,108,6.6
Wade Belak,belakwa01,RW,72,549,8,25,33,4.0
Perry Berezan,berezpe01,C,152,378,61,75,136,4.8
Jonas Bergqvist,bergqjo01,RW,22,22,2,5,7,0.3
Todd Bertuzzi,bertuto01,RW,66,1159,314,456,770,77.4
Blair Betts,bettsbl01,C,35,477,41,37,78,2.2
Dwight Bialowas,bialodw01,D,48,164,11,46,57,10.6
Chad Billins,billich01,D,10,10,0,3,3,0.2
Bob Bodak,bodakbo01,LW,3,4,0,0,0,-0.2
Ivan Boldirev,boldiiv01,C,65,1052,361,505,866,62.7
Danny Bolduc,bolduda01,LW,2,102,22,19,41,1.8
Brandon Bollig,bollibr01,LW,116,241,10,13,23,-1.5
Nikolai Borschevsky,borscni01,RW,8,162,49,73,122,10.9
Jason Botterill,botteja01,LW,6,88,5,9,14,0.0
Cam Botting,bottica01,RW,2,2,0,1,1,0.1
Joel Bouchard,bouchjo01,D,126,364,22,53,75,15.1
Bob Boughner,boughbo01,D,148,630,15,57,72,22.7
Charlie Bourgeois,bourgch01,D,162,290,16,54,70,16.7
Rick Bowness,bowneri01,RW,33,173,18,37,55,-0.8
Dustin Boyd,boyddu01,C,192,220,32,31,63,4.9
Brian Bradley,bradlbr01,C,45,651,182,321,503,39.0
Christopher Breen,breench01,D,9,9,0,2,2,0.4
Mel Bridgman,bridgme01,C,142,977,252,449,701,45.6
Travis Brigley,brigltr01,LW,19,55,3,6,9,-0.1
Troy Brouwer,brouwtr01,RW,150,838,181,181,362,34.8
Arnie Brown,brownar01,D,63,681,44,141,185,41.2
Jeff Brubaker,brubaje01,LW,4,178,16,9,25,-2.2
Randy Bucyk,bucykra01,C,2,19,4,2,6,0.3
Mike Bullard,bullami01,C,136,727,329,345,674,50.7
Marc Bureau,bureama01,C,19,567,55,83,138,3.0
Chris Butler,butlech01,D,194,407,14,72,86,17.0
Petr Buzek,buzekpe01,D,76,157,9,22,31,5.5
Jerry Byers,byersje01,LW,12,43,3,4,7,-0.3
Paul Byron,byronpa01,C/LW,130,419,85,90,175,19.3
Gene Carr,carrge01,C,30,465,79,136,215,11.0
Larry Carriere,carrila01,D,100,366,16,74,90,22.5
Brett Carson,carsobr01,D,18,90,2,11,13,3.6
Andrew Cassels,cassean01,C,151,1015,204,528,732,57.9
Gino Cavallini,cavalgi01,LW,54,593,114,159,273,13.4
Roman Cervenka,cervero01,C,39,39,9,8,17,1.5
Eric Charron,charrer01,D,35,130,2,7,9,4.2
Rich Chernomaz,chernri01,RW,14,51,9,7,16,-0.1
Alex Chiasson,chiasal01,RW,81,454,81,81,162,13.9
Steve Chiasson,chiasst01,D,168,751,93,305,398,61.7
Tom Chorske,chorsto01,LW,7,596,115,122,237,16.3
Ryan Christie,chrisry01,LW,2,7,0,0,0,-0.1
Steve Christoff,chrisst01,C,45,248,77,64,141,8.5
Kris Chucko,chuckkr01,LW,2,2,0,0,0,0.0
Shane Churla,churlsh01,RW,34,488,26,45,71,-5.9
Blake Comeau,comeabl01,RW,91,797,128,175,303,24.2
Mike Commodore,commomi01,D,18,484,23,83,106,20.3
Pat Conacher,conacpa01,LW,7,521,63,76,139,0.4
Rene Corbet,corbere01,LW,68,362,58,74,132,10.5
Yves Courteau,courtyv01,RW,18,22,2,5,7,-0.1
Jeff Cowan,cowanje01,LW,83,413,47,34,81,5.3
Craig Coxe,coxecr01,LW,7,235,14,31,45,-1.8
Mark Cundari,cundama01,D,8,8,1,2,3,0.1
Tony Curtale,curtato01,D,2,2,0,0,0,0.0
Denis Cyr,cyrde01,RW,66,193,41,43,84,3.6
Austin Czarnik,czarnau01,C,54,113,11,24,35,2.0
Kevin Dahl,dahlke01,D,179,188,7,22,29,8.4
Chris Dahlquist,dahlqch01,D,151,532,19,71,90,18.6
Nigel Dawes,dawesni01,LW,66,212,39,45,84,8.6
Butch Deadmarsh,deadmbu01,LW,61,137,12,5,17,-1.7
Dale DeGray,degrada01,D,28,153,18,47,65,8.7
Guillaume Desbiens,desbigu01,RW,10,23,0,0,0,-0.2
Raphael Diaz,diazra01,D,56,201,8,41,49,9.2
Chris Dingman,dingmch01,LW,72,385,15,19,34,-3.0
Bobby Dollas,dollabo01,D,49,646,42,96,138,34.3
Robert Dome,domero01,RW,1,53,7,7,14,1.0
Hnat Domenichelli,domenhn01,LW,96,267,52,61,113,8.6
Shean Donovan,donovsh01,RW,175,951,112,129,241,13.3
Jim Dowd,dowdji01,C,48,728,71,168,239,15.9
Chris Drury,drurych01,C,80,892,255,360,615,63.9
Ted Drury,druryte01,C,34,414,41,52,93,1.6
Dillon Dube,dubedi01,C,25,25,1,4,5,0.2
Steve Dubinsky,dubinst01,C,84,375,25,45,70,-0.1
Richie Dunn,dunnri01,D,80,483,36,140,176,32.7
Micki DuPont,duponmi01,D,18,23,1,3,4,0.4
Mike Dwyer,dwyermi01,LW,9,31,2,6,8,-0.2
Bruce Eakin,eakinbr01,C,9,13,2,2,4,-0.1
Dallas Eakins,eakinda01,D,20,120,0,9,9,4.1
Mike Eaves,eavesmi01,C,117,324,83,143,226,14.1
Neil Eisenhut,eisenne01,C,3,16,1,3,4,0.0
Turner Elson,elsontu01,LW,1,1,0,1,1,0.1
Brian Engblom,engblbr01,D,32,659,29,177,206,45.1
Anders Eriksson,eriksan01,D,61,572,22,154,176,36.6
Len Esau,esaule01,D,7,27,0,10,10,0.8
Dean Evason,evasode01,C,67,803,139,233,372,17.7
Oscar Fantenberg,fanteos01,D,15,88,4,9,13,3.6
Rico Fata,fatari01,RW,27,230,27,36,63,2.3
Glen Featherstone,feathgl01,D,13,384,19,61,80,21.0
Paul Fenton,fentopa01,LW,31,411,100,83,183,8.9
Brad Ference,ferenbr01,D,5,250,4,30,34,5.0
Craig Ferguson,fergucr01,C,8,27,1,1,2,-0.8
Bill Flett,flettbi01,RW,102,689,202,215,417,32.7
Spencer Foo,foosp01,RW,4,4,2,0,2,0.3
Tomas Forslund,forslto01,RW,44,44,5,11,16,0.2
Nick Fotiu,fotiuni01,LW,51,646,60,77,137,-5.4
Greg Fox,foxgr01,D,80,494,14,92,106,21.9
Mark Freer,freerma01,C,2,124,16,23,39,0.5
Jeff Friesen,friesje01,LW,72,893,218,298,516,51.2
Dave Gagner,gagneda01,C,82,946,318,401,719,60.9
T.J. Galiardi,galiatj01,LW,62,321,44,61,105,7.0
Aaron Gavey,gaveyaa01,C,67,360,41,50,91,4.0
Martin Gelinas,gelinma01,LW,157,1273,309,351,660,61.5
Carsen Germyn,germyca01,RW,4,4,0,0,0,-0.1
Tanner Glass,glassta01,LW,16,527,24,45,69,-2.1
Brian Glynn,glynnbr01,D,77,431,25,79,104,17.9
Eric Godard,godarer01,RW,93,335,6,12,18,-0.6
Alexander Godynyuk,godynal01,D,33,223,10,39,49,11.5
Dave Gorman,gormada01,RW,3,3,0,0,0,-0.1
Bobby Gould,gouldbo01,RW,20,697,145,159,304,15.9
John Gould,gouldjo01,RW,194,504,131,138,269,17.7
Markus Granlund,granlma01,C,86,301,55,42,97,7.7
Derek Grant,grantde01,C,15,208,16,29,45,1.8
Benoit Gratton,grattbe01,C,24,58,6,10,16,1.3
Norm Gratton,grattno01,LW,29,201,39,45,84,3.8
Hilliard Graves,gravehi01,RW,172,556,118,163,281,16.6
Josh Green,greenjo01,LW,36,341,36,40,76,5.1
Kyle Greentree,greenky01,LW,2,4,0,0,0,-0.1
Mark Greig,greigma01,RW,8,125,13,27,40,1.6
Stu Grimson,grimsst01,LW,4,729,17,22,39,-10.0
Nicklas Grossmann,grossni01,D,3,592,13,73,86,20.1
Kevan Guy,guyke01,D,42,156,5,20,25,6.2
David Haas,haasda01,LW,2,7,2,1,3,0.2
Marc Habscheid,habscma01,RW/C,46,345,72,91,163,7.2
Niklas Hagman,hagmani01,LW,106,770,147,154,301,27.7
David Hale,haleda01,D,69,327,4,25,29,9.9
Freddie Hamilton,hamilfr01,C,38,75,4,2,6,-0.4
Travis Hamonic,hamontr01,D,143,587,34,142,176,34.2
Gord Hampson,hampsgo01,LW,4,4,0,0,0,-0.2
Roman Hamrlik,hamrlro01,D,126,1395,155,483,638,114.9
Noah Hanifin,hanifno01,D,80,319,23,93,116,17.8
Scott Hannan,hannasc01,D,78,1055,38,179,217,50.8
Ben Hanowski,hanowbe01,RW,16,16,1,2,3,0.1
Keith Hanson,hansoke01,D,25,25,0,2,2,0.1
Todd Harkins,harkito01,C,20,48,3,3,6,-0.8
Tim Harrer,harreti01,RW,3,3,0,0,0,-0.1
Ron Harris,harriro01,D,23,475,20,91,111,23.9
Buster Harvey,harvebu01,RW,80,407,90,118,208,12.4
Garnet Hathaway,hathaga01,RW,175,175,16,24,40,3.0
Dwayne Hay,haydw01,LW,49,79,2,4,6,-0.4
Shawn Heaphy,heaphsh01,C,1,1,0,0,0,0.0
Sami Helenius,helensa01,D,7,155,2,4,6,2.0
Paul Henderson,hendepa01,RW,30,707,236,241,477,46.0
Jukka Hentunen,hentuju01,RW,28,38,4,5,9,0.3
Bryan Hextall,hextabr02,C,114,549,99,161,260,11.5
Ernie Hicke,hickeer01,LW,58,520,132,140,272,16.5
Chris Higgins,higgich01,LW,12,711,165,168,333,32.7
Dave Hindmarch,hindmda01,RW,99,99,21,17,38,1.2
Todd Hlushko,hlushto01,C,77,79,8,13,21,0.9
Bill Hogaboam,hogabbi01,C,2,332,80,109,189,11.0
Jonas Hoglund,hoglujo01,LW,118,545,117,145,262,25.2
Randy Holt,holtra01,D,56,395,4,37,41,12.3
Roman Horak,horakro01,C,82,84,6,13,19,1.2
Jiri Hrdina,hrdinji01,C,157,250,45,85,130,6.8
Marek Hrivik,hrivima01,LW,3,24,0,3,3,-0.1
Brett Hull*,hullbr01,RW,57,1269,741,650,1391,154.6
Mark Hunter,huntema01,RW,133,628,213,171,384,26.3
Jamie Huscroft,huscrja01,D,109,352,5,33,38,13.9
Earl Ingarfield,ingarea02,C,17,39,4,4,8,-0.1
Raitis Ivanans,ivanara01,LW,2,282,12,6,18,-1.6
Jim Jackson,jacksji01,LW,107,112,17,30,47,1.8
Jason Jaffray,jaffrja01,LW,3,49,4,7,11,0.8
Jaromir Jagr,jagrja01,RW,22,1733,766,1155,1921,217.1
Kari Jalonen,jalonka01,C,34,37,9,6,15,0.9
Mark Jankowski,jankoma01,C,152,152,31,26,57,5.4
Marko Jantunen,jantuma01,C,3,3,0,0,0,-0.1
Andreas Johansson,johanan01,C,28,377,81,88,169,16.2
Mathias Johansson,johanma02,C,46,58,5,10,15,0.4
Roger Johansson,johanro01,D,150,161,9,34,43,10.0
Aaron Johnson,johnsaa01,D,22,291,17,45,62,13.3
Terry Johnson,johnste01,D,24,285,3,24,27,10.0
Jyrki Jokipakka,jokipjy01,D,56,150,3,25,28,4.6
Blair Jones,jonesbl01,C,50,132,7,10,17,-0.3
David Jones,jonesda01,RW,174,462,104,87,191,18.9
Josh Jooris,joorijo01,C,119,213,23,32,55,3.7
Dan Keczmer,keczmda01,D,98,235,8,38,46,9.8
Sheldon Kennedy,kennesh01,RW,71,310,49,58,107,3.7
Kerry Ketter,ketteke01,D,41,41,0,2,2,1.8
Kelly Kisio,kisioke01,C,63,761,229,429,658,46.8
Morgan Klimchuk,klimcmo01,LW,1,1,0,0,0,0.0
Corban Knight,knighco01,C,9,52,4,8,12,0.8
Ladislav Kohn,kohnla01,RW,12,186,14,28,42,0.4
Krys Kolanos,kolankr01,C,13,149,20,22,42,3.6
Jim Korn,kornji01,D/LW,9,597,66,122,188,19.8
Tom Kostopoulos,kostoto01,RW,140,630,61,96,157,7.4
Ales Kotalik,kotalal01,RW,52,542,136,148,284,27.9
Igor Kravchuk,kravcig01,D,115,699,64,210,274,48.2
Sergei Krivokrasov,krivose01,RW,12,450,86,109,195,17.0
Richard Kromm,krommri01,LW,189,372,70,103,173,8.2
Staffan Kronwall,kronwst01,D,11,66,1,3,4,0.7
Dave Kryskow,kryskda01,LW,79,231,33,56,89,2.8
Brett Kulak,kulakbr01,D,101,158,8,20,28,6.1
Oliver Kylington,kylinol01,D,39,39,3,5,8,1.5
Jim Kyte,kyteji01,D,63,598,17,49,66,15.3
Dan Labraaten,labrada01,LW,70,268,71,73,144,8.4
Sasha Lakovic,lakovsa01,RW,19,37,0,4,4,-0.3
Bobby Lalonde,lalonbo01,C,155,641,124,210,334,17.0
Mark Lamb,lambma01,C,1,403,46,100,146,2.6
Eric Landry,landrer01,C,15,68,5,9,14,0.6
Claude Lapointe,lapoicl01,LW/C,32,879,127,178,305,16.0
Guy Larose,larosgu01,C,7,70,10,9,19,0.1
Don Laurence,lauredo01,C,59,79,15,21,36,1.7
Curtis Lazar,lazarcu01,C/RW,70,246,15,36,51,1.5
Patrick Lebeau,lebeapa01,LW,1,15,3,2,5,0.3
Mike Leclerc,leclemi01,LW,15,341,64,94,158,13.6
Gary Leeman,leemaga01,RW,59,667,199,267,466,32.9
Jean Lemieux,lemieje01,D,140,204,23,63,86,14.3
Jocelyn Lemieux,lemiejo01,RW,20,598,80,84,164,3.8
Rich Lemieux,lemieri01,C,1,274,39,82,121,3.5
Rick Lessard,lessari01,D,7,15,0,4,4,0.4
Alan Letang,letanal01,D,2,14,0,0,0,-0.4
Pierre-Luc Letourneau-Leblond,letoupi01,RW,3,41,0,3,3,-0.1
Don Lever,leverdo01,LW,113,1020,313,367,680,43.7
Chris Lindberg,lindbch01,LW,79,116,17,25,42,1.4
Elias Lindholm,lindhel01,C,81,455,91,175,266,23.9
Bill Lindsay,lindsbi01,RW,132,777,83,141,224,11.3
Ryan Lomberg,lombery01,LW,11,11,0,1,1,0.0
Dave Lowry,lowryda01,LW,193,1084,164,187,351,17.2
Lynn Loyns,loynsly01,LW,13,34,3,2,5,0.1
Jamie Lundmark,lundmja01,C,99,295,40,59,99,6.6
Lane MacDermid,macdela01,LW,1,21,2,2,4,0.6
Craig MacDonald,macdocr01,LW,25,233,11,24,35,0.5
Brian MacLellan,maclebr01,LW,134,606,172,241,413,24.1
Billy MacMillan,macmibi01,RW,78,446,74,77,151,6.8
Tomi Maki,makito01,RW,1,1,0,0,0,0.0
Stewart Malgunas,malgust01,D,4,129,1,5,6,2.6
Andrew Mangiapane,mangian01,LW,54,54,8,5,13,1.4
Bryan Marchment,marchbr02,D,37,926,40,142,182,47.4
Nevin Markwart,markwne01,LW,10,309,41,68,109,2.8
Don Martineau,martido01,RW,4,90,6,10,16,-1.0
Stephane Matteau,mattest01,LW,82,848,144,172,316,24.4
Alan May,mayal01,RW,7,393,31,45,76,-2.0
Jamal Mayers,mayerja01,RW,27,915,90,129,219,11.0
Gary McAdam,mcadaga01,LW,46,528,94,132,226,9.4
Dean McAmmond,mcammde01,C,137,996,186,262,448,41.6
Darren McCarty,mccarda02,RW,99,758,127,161,288,24.5
Al McDonough,mcdonal01,RW,35,237,73,88,161,13.8
Brian McGrattan,mcgrabr01,RW,137,317,10,17,27,0.8
Marty McInnis,mcinnma01,RW,91,796,170,250,420,33.8
Alex McKendry,mckenal01,W,36,46,3,6,9,-0.7
Dale McTavish,mctavda01,C,9,9,1,2,3,0.0
Gerry Meehan,meehage01,C,62,670,180,243,423,30.5
Vic Mercredi,mercrvi01,C,2,2,0,0,0,-0.1
Greg Meredith,meredgr01,RW,38,38,6,4,10,0.0
Stefan Meyer,meyerst01,LW,16,20,0,2,2,-0.1
Brendan Mikkelson,mikkebr01,D,19,131,1,9,10,1.2
Corey Millen,milleco01,C,92,335,90,119,209,16.9
Brad Miller,millebr01,D,8,82,1,5,6,2.0
Fredrik Modin,modinfr01,LW,4,898,232,230,462,47.0
Doug Mohns,mohnsdo01,LW/D,28,1391,248,462,710,90.5
Carl Mokosak,mokosca01,LW,42,83,11,15,26,0.1
Steve Montador,montast01,D,94,571,33,98,131,27.8
Jason Morgan,morgaja01,C,13,44,2,5,7,-0.2
Brendan Morrison,morribr01,C,94,934,200,401,601,58.7
Lew Morrison,morrile01,RW,130,564,39,52,91,-6.3
Scott Morrow,morrosc01,LW,4,4,0,0,0,-0.1
Mike Mottau,mottami01,D,4,321,7,51,58,12.4
Rick Mrozik,mroziri01,C,2,2,0,0,0,0.0
Bob Murray,murrabo01,D,104,194,6,16,22,9.1
Marty Murray,murrama01,C,26,261,31,42,73,6.0
Jakub Nakladal,naklaja01,D,27,30,2,3,5,0.3
Andrei Nazarov,nazaran01,LW,112,571,53,71,124,5.0
James Neal,nealja01,LW,63,766,270,244,514,63.6
John Negrin,negrijo01,D,3,3,0,1,1,0.0
Greg Nemisz,nemisgr01,RW,15,15,0,1,1,-0.1
Scott Nichol,nichosc01,C,128,662,56,71,127,5.4
Barry Nieckar,nieckba01,LW,3,8,0,0,0,-0.3
Rob Niedermayer,niedero01,C,111,1153,186,283,469,28.4
Ville Nieminen,niemivi01,LW,19,385,48,69,117,8.4
Marcus Nilson,nilsoma01,LW,194,521,67,101,168,12.8
Owen Nolan,nolanow01,RW,77,1200,422,463,885,91.6
Lee Norwood,norwole01,D,16,503,58,153,211,35.5
Michael Nylander,nylanmi01,C,168,920,209,470,679,65.0
Shane O'Brien,obriesh01,D,45,537,13,79,92,21.0
Gerry O'Flaherty,oflahge01,LW,1,438,99,95,194,11.0
Chris O'Sullivan,osullch01,D,49,62,2,17,19,3.9
Krzysztof Oliwa,oliwakr01,LW,65,410,17,28,45,0.7
Darryl Olsen,olsenda01,D,1,1,0,0,0,-0.1
Mark Osiecki,osiecma01,D,50,93,3,11,14,2.3
Greg Pankewicz,pankegr01,RW,18,21,0,3,3,0.0
Bob Paradise,paradbo01,D,89,368,8,54,62,10.9
Adam Pardy,pardyad01,D,147,342,4,48,52,11.2
Greg Paslawski,paslagr01,RW,28,650,187,185,372,23.9
Matt Pelech,pelecma01,RW,5,13,1,3,4,0.7
Anthony Peluso,pelusan01,RW,4,148,4,10,14,0.3
Mike Peluso,pelusmi01,LW,23,458,38,52,90,-0.8
Warren Peters,peterwa01,C,16,96,4,4,8,-0.9
Michel Petit,petitmi01,D,134,827,90,238,328,45.8
Ronald Petrovicky,petroro02,RW,107,342,41,51,92,5.9
Harold Phillipoff,phillha01,LW,118,141,26,57,83,5.4
Noel Picard,picarno01,D,41,336,12,63,75,23.7
Joe Piskula,piskujo01,D,5,13,0,0,0,-0.5
Bill Plager,plagebi01,D,76,263,4,34,38,10.8
Emile Poirier,poiriem01,LW,8,8,0,1,1,0.0
Corey Potter,potteco01,D,6,130,8,24,32,5.9
Sergei Priakin,priakse01,RW,46,46,3,8,11,-0.5
Wayne Primeau,primewa01,C,94,774,69,125,194,5.4
Jean Pronovost,pronoje01,RW,155,998,391,383,774,70.1
Dalton Prout,proutda01,D,20,262,7,31,38,7.4
Brandon Prust,prustbr01,LW,78,486,40,75,115,8.6
Alan Quine,quineal01,C,13,97,9,18,27,1.6
Yves Racine,racinyv01,D,46,508,37,194,231,31.6
John Ramage,ramagjo01,D,1,2,0,0,0,-0.2
Rob Ramage,ramagro01,D,80,1044,139,425,564,75.1
Tim Ramholt,ramhoti01,D,1,1,0,0,0,-0.1
Mason Raymond,raymoma01,LW,86,546,115,136,251,25.0
Dick Redmond,redmodi01,D,42,771,133,312,445,66.0
Richie Regehr,regehri01,D,20,20,1,3,4,0.7
Dave Reierson,reierda01,D,2,2,0,0,0,0.1
Max Reinhart,reinhma01,C,23,23,1,4,5,0.0
Steve Reinprecht,reinpst01,C,96,663,140,242,382,38.2
Pierre Rioux,riouxpi01,RW,14,14,1,2,3,-0.2
Byron Ritchie,ritchby01,C,109,324,25,33,58,1.6
Dave Roche,rocheda02,LW,38,171,15,15,30,-1.2
Leon Rochefort,rochele01,RW,110,617,121,147,268,16.1
Darcy Rota,rotada01,LW,57,794,256,239,495,37.0
Andre Roy,royan01,RW,44,515,35,33,68,4.3
Derek Ryan,ryande01,C,81,234,41,66,107,9.6
Kerby Rychel,rycheke01,LW,2,43,3,11,14,1.4
Ken Sabourin,sabouke01,D,27,74,2,8,10,4.0
Oleg Saprykin,sapryol01,LW,187,325,55,82,137,12.9
Yves Sarault,sarauyv01,LW,11,106,10,10,20,-0.2
Brad Schlegel,schlebr01,D,26,48,1,8,9,1.6
David Schlemko,schleda01,D,19,415,18,76,94,20.9
Paxton Schulte,schulpa01,LW,1,2,0,0,0,0.0
Darrel Scoville,scovida01,D,6,16,0,1,1,0.2
Rod Seiling,seiliro01,D,36,979,62,269,331,75.6
Devin Setoguchi,setogde01,RW,12,516,131,130,261,29.2
Darryl Shannon,shannda01,D,27,544,28,111,139,32.0
Hunter Shinkaruk,shinkhu01,C,14,15,2,2,4,0.0
Drew Shore,shoredr01,C,13,94,9,17,26,1.1
Nick Shore,shoreni01,C,9,236,15,38,53,2.1
Patrick Sieloff,sielopa01,D,1,2,2,0,2,0.4
Martin Simard,simarma01,RW,37,44,1,5,6,-0.8
Chris Simon,simonch01,LW,85,782,144,161,305,28.6
Bobby Simpson,simpsbo01,LW,127,175,35,29,64,2.7
Fredrik Sjostrom,sjostfr01,RW,46,489,46,58,104,4.2
Jarrod Skalde,skaldja01,C,1,115,13,21,34,0.8
Brian Skrudland,skrudbr01,C,16,881,124,219,343,19.8
Blake Sloan,sloanbl01,RW,74,290,11,32,43,0.2
Ladislav Smid,smidla01,D,109,583,12,60,72,15.1
Brad Smith,smithbr03,RW,49,222,28,34,62,-0.2
Derek Smith,smithde05,D,83,94,2,12,14,2.0
Mark Smith,smithma01,C,54,377,23,47,70,3.2
Steve Smith,smithst05,D,102,804,72,303,375,62.8
Greg Smyth,smythgr01,D,42,229,4,16,20,7.4
Martin Sonnenberg,sonnema01,LW,5,63,2,3,5,0.0
Lee Sorochan,sorocle01,D,3,3,0,0,0,-0.2
Martin St. Louis*,stlouma01,RW,69,1134,391,642,1033,114.8
Claude St. Sauveur,stsaucl01,C,79,79,24,24,48,3.4
Steve Staios,staiost01,D,57,1001,56,164,220,37.0
Morris Stefaniw,stefamo01,C,13,13,1,1,2,-0.2
Lee Stempniak,stemple01,RW,160,911,203,266,469,47.5
Chris Stewart,stewach02,RW,7,652,160,161,321,35.9
John Stewart,stewajo01,LW,142,258,58,60,118,6.3
Tony Stiles,stileto01,D,30,30,2,7,9,2.3
Michael Stone,stonemi01,D,115,439,29,88,117,20.9
Ben Street,streebe01,C,19,56,3,5,8,-0.1
David Struch,strucda01,C,4,4,0,0,0,-0.2
Brad Stuart,stuarbr02,D,27,1056,80,255,335,66.0
Niklas Sundblad,sundbni01,RW,2,2,0,0,0,-0.1
Brett Sutter,suttebr04,LW,18,60,2,8,10,0.1
Ron Sutter,suttero01,C,21,1093,205,330,535,31.0
Bob Sweeney,sweenbo01,C/RW,6,639,125,163,288,15.5
Tim Sweeney,sweenti01,LW,53,291,55,83,138,10.3
Dean Talafous,talafde01,RW,18,497,104,154,258,12.9
Steve Tambellini,tambest01,C,120,553,160,150,310,16.3
Rocky Thompson,thompro01,D,15,25,0,0,0,0.1
Daniel Tkaczuk,tkaczda01,C,19,19,4,7,11,1.2
John Tonelli,toneljo01,LW,161,1028,325,511,836,58.8
Pavel Torgaev,torgapa01,LW,50,55,6,14,20,1.1
Randy Turnbull,turnbra01,D,1,1,0,0,0,0.0
Garry Unger,ungerga01,C,79,1105,413,391,804,67.8
Juuso Valimaki,valimju01,D,24,24,1,2,3,0.4
Bryce Van Brabant,vanbrbr01,LW,6,6,0,0,0,-0.1
David Van Der Gulik,vandeda01,RW,6,49,2,11,13,1.3
Jim Vandermeer,vandeji01,D,66,461,25,80,105,21.4
Sergei Varlamov,varlase01,LW,8,63,8,7,15,1.5
Kris Versteeg,verstkr01,RW,93,643,149,209,358,37.9
Linden Vey,veyli01,RW,4,138,14,30,44,2.6
Vesa Viitakoski,viitave01,LW,23,23,2,4,6,0.0
Mickey Volcan,volcami01,D,19,162,8,33,41,5.4
Howard Walker,walkeho01,D,3,83,2,13,15,3.9
Wes Walz,walzwe01,C,92,607,109,151,260,22.8
Gord Wappel,wappego01,D,20,20,1,1,2,0.6
Brad Werenka,werenbr01,D,45,320,19,61,80,19.9
Kevin Westgarth,westgke01,RW,36,169,7,9,16,0.6
Ian White,whiteia01,D,43,503,45,134,179,35.2
Bert Wilson,wilsobe01,LW,50,478,37,44,81,-5.2
Clay Wilson,wilsocl01,D,5,36,4,4,8,1.9
Rik Wilson,wilsori02,D,2,251,25,65,90,15.8
David Wolf,wolfda01,LW,3,3,0,0,0,0.0
Kevin Wortman,wortmke01,D,5,5,0,0,0,0.2
Tyler Wotherspoon,wothety01,D,30,30,0,5,5,0.2
Jamie Wright,wrighja01,LW,63,124,12,20,32,2.8
C.J. Young,youngcj01,RW,28,43,7,7,14,0.3
Miles Zaharko,zaharmi01,D,71,129,5,32,37,6.9
Zarley Zalapski,zalapza01,D,178,637,99,285,384,51.9
Richard Zemlak,zemlari01,RW,5,133,2,12,14,-2.9
Andrei Zyuzin,zyuzian01,D,49,496,38,82,120,25.8
